{
    "initial_context": [
        [
            344,
            -16
        ],
        [
            364,
            0
        ],
        5,
        [
            368.6741840272873,
            0,
            -31.716487035294524
        ],
        25.15335430968228,
        -10
    ],
    "controls": [
        [
            0,
            0,
            1,
            0
        ],
        [
            1,
            0,
            1,
            0
        ],
        [
            1,
            0,
            1,
            0
        ],
        [
            1,
            0,
            1,
            0
        ],
        [
            1,
            0,
            1,
            0
        ],
        [
            1,
            0,
            1,
            0
        ],
        [
            1,
            0,
            1,
            0
        ],
        [
            0,
            0,
            1,
            0
        ],
        [
            0,
            0,
            1,
            0
        ]
    ]
}