{
    "initial_context": [
        [
            95,
            -254
        ],
        [
            106,
            -259
        ],
        5,
        [
            51.24167726299507,
            0,
            -274.123940493241
        ],
        30.28189018527186,
        92
    ],
    "controls": [
        [
            1,
            0,
            1,
            0
        ],
        [
            1,
            0,
            0,
            1
        ],
        [
            1,
            0,
            0,
            1
        ],
        [
            0,
            0,
            1,
            0
        ],
        [
            0,
            0,
            1,
            0
        ],
        [
            0,
            0,
            1,
            0
        ],
        [
            0,
            0,
            1,
            0
        ],
        [
            0,
            0,
            1,
            0
        ],
        [
            1,
            0,
            1,
            0
        ],
        [
            1,
            0,
            1,
            0
        ],
        [
            1,
            0,
            1,
            0
        ],
        [
            1,
            0,
            1,
            0
        ],
        [
            1,
            0,
            1,
            0
        ],
        [
            1,
            0,
            0,
            0
        ],
        [
            1,
            0,
            0,
            0
        ],
        [
            1,
            0,
            0,
            0
        ]
    ]
}