{
    "initial_context": [
        [
            0,
            120
        ],
        [
            8,
            140
        ],
        5,
        [
            -84.83970730172517,
            0,
            96.17759191589961
        ],
        35,
        80
    ],
    "controls": [
        [
            1,
            0,
            0,
            1
        ],
        [
            0,
            1,
            0,
            0
        ],
        [
            0,
            1,
            0,
            0
        ],
        [
            1,
            0,
            0,
            0
        ],
        [
            1,
            0,
            0,
            0
        ],
        [
            1,
            0,
            0,
            0
        ],
        [
            1,
            0,
            0,
            1
        ],
        [
            0,
            0,
            0,
            1
        ],
        [
            0,
            0,
            0,
            1
        ],
        [
            0,
            0,
            0,
            1
        ],
        [
            1,
            0,
            0,
            1
        ],
        [
            1,
            0,
            0,
            1
        ],
        [
            1,
            0,
            0,
            1
        ],
        [
            1,
            0,
            0,
            0
        ],
        [
            1,
            0,
            0,
            0
        ],
        [
            1,
            0,
            1,
            0
        ],
        [
            1,
            0,
            1,
            0
        ],
        [
            1,
            0,
            1,
            0
        ],
        [
            1,
            0,
            0,
            0
        ],
        [
            1,
            0,
            0,
            0
        ],
        [
            1,
            0,
            1,
            0
        ],
        [
            1,
            0,
            1,
            0
        ],
        [
            1,
            0,
            1,
            0
        ],
        [
            1,
            0,
            1,
            0
        ],
        [
            1,
            0,
            1,
            0
        ],
        [
            1,
            0,
            1,
            0
        ],
        [
            1,
            0,
            1,
            0
        ],
        [
            1,
            0,
            1,
            0
        ],
        [
            0,
            0,
            1,
            0
        ],
        [
            0,
            0,
            1,
            0
        ],
        [
            0,
            0,
            1,
            0
        ],
        [
            0,
            1,
            1,
            0
        ],
        [
            0,
            1,
            1,
            0
        ],
        [
            0,
            1,
            1,
            0
        ],
        [
            0,
            1,
            1,
            0
        ],
        [
            0,
            1,
            1,
            0
        ],
        [
            0,
            1,
            1,
            0
        ],
        [
            0,
            1,
            1,
            0
        ],
        [
            0,
            1,
            1,
            0
        ],
        [
            0,
            1,
            1,
            0
        ],
        [
            0,
            0,
            1,
            0
        ],
        [
            0,
            0,
            1,
            0
        ],
        [
            0,
            0,
            1,
            0
        ],
        [
            0,
            0,
            1,
            0
        ],
        [
            0,
            0,
            1,
            0
        ],
        [
            0,
            0,
            1,
            0
        ],
        [
            0,
            0,
            1,
            0
        ],
        [
            0,
            0,
            1,
            0
        ],
        [
            0,
            0,
            1,
            0
        ],
        [
            1,
            0,
            1,
            0
        ],
        [
            1,
            0,
            1,
            0
        ],
        [
            1,
            0,
            1,
            0
        ],
        [
            1,
            0,
            1,
            0
        ],
        [
            1,
            0,
            1,
            0
        ],
        [
            1,
            0,
            0,
            1
        ],
        [
            1,
            0,
            0,
            1
        ],
        [
            1,
            0,
            0,
            1
        ],
        [
            1,
            0,
            1,
            0
        ],
        [
            1,
            0,
            1,
            0
        ],
        [
            1,
            0,
            1,
            0
        ],
        [
            1,
            0,
            1,
            0
        ],
        [
            1,
            0,
            0,
            1
        ],
        [
            1,
            0,
            0,
            1
        ],
        [
            1,
            0,
            0,
            1
        ],
        [
            1,
            0,
            0,
            1
        ],
        [
            1,
            0,
            1,
            0
        ],
        [
            1,
            0,
            1,
            0
        ],
        [
            1,
            0,
            1,
            0
        ]
    ]
}