{
    "initial_context": [
        [
            218,
            40
        ],
        [
            235,
            16
        ],
        5,
        [
            252.28617631811971,
            0,
            55.486935412850436
        ],
        28.980617913148148,
        -150
    ],
    "controls": [
        [
            1,
            0,
            0,
            1
        ],
        [
            1,
            0,
            1,
            0
        ],
        [
            1,
            0,
            1,
            0
        ],
        [
            0,
            0,
            0,
            1
        ],
        [
            0,
            1,
            0,
            1
        ],
        [
            0,
            1,
            0,
            1
        ],
        [
            0,
            0,
            0,
            1
        ],
        [
            0,
            0,
            0,
            1
        ],
        [
            0,
            0,
            0,
            1
        ],
        [
            1,
            0,
            0,
            1
        ],
        [
            1,
            0,
            0,
            1
        ],
        [
            1,
            0,
            0,
            0
        ],
        [
            1,
            0,
            1,
            0
        ],
        [
            1,
            0,
            1,
            0
        ],
        [
            1,
            0,
            0,
            0
        ],
        [
            1,
            0,
            0,
            1
        ]
    ]
}