{
    "initial_context": [
        [
            344,
            -16
        ],
        [
            364,
            0
        ],
        5,
        [
            365.9671450508413,
            0,
            -32.97437513200095
        ],
        26.045606720391334,
        -10
    ],
    "controls": [
        [
            0,
            0,
            1,
            0
        ],
        [
            1,
            0,
            1,
            0
        ],
        [
            1,
            0,
            1,
            0
        ],
        [
            1,
            0,
            0,
            0
        ],
        [
            1,
            0,
            1,
            0
        ],
        [
            1,
            0,
            1,
            0
        ],
        [
            1,
            0,
            1,
            0
        ],
        [
            0,
            0,
            1,
            0
        ],
        [
            0,
            0,
            1,
            0
        ]
    ]
}