{
    "initial_context": [
        [
            218,
            40
        ],
        [
            235,
            16
        ],
        5,
        [
            252.1163945589185,
            0,
            52.98681087681019
        ],
        26.034190378485302,
        -150
    ],
    "controls": [
        [
            1,
            0,
            1,
            0
        ],
        [
            0,
            1,
            0,
            1
        ],
        [
            1,
            0,
            0,
            1
        ],
        [
            1,
            0,
            0,
            1
        ],
        [
            1,
            0,
            0,
            1
        ],
        [
            1,
            0,
            1,
            0
        ],
        [
            1,
            0,
            1,
            0
        ],
        [
            1,
            0,
            1,
            0
        ],
        [
            0,
            0,
            0,
            1
        ],
        [
            0,
            0,
            0,
            1
        ],
        [
            0,
            0,
            0,
            1
        ],
        [
            1,
            0,
            0,
            1
        ],
        [
            1,
            0,
            0,
            1
        ]
    ]
}