{
    "initial_context": [
        [
            95,
            0
        ],
        [
            90,
            13
        ],
        5,
        [
            126.55168390843497,
            0,
            -9.168208455667846
        ],
        32.76800266496914,
        -35
    ],
    "controls": [
        [
            1,
            0,
            0,
            1
        ],
        [
            0,
            0,
            1,
            0
        ],
        [
            1,
            0,
            1,
            0
        ],
        [
            0,
            0,
            1,
            0
        ],
        [
            0,
            0,
            1,
            0
        ],
        [
            0,
            0,
            1,
            0
        ],
        [
            1,
            0,
            1,
            0
        ],
        [
            1,
            0,
            1,
            0
        ],
        [
            1,
            0,
            1,
            0
        ],
        [
            1,
            0,
            1,
            0
        ],
        [
            1,
            0,
            0,
            0
        ]
    ]
}