{
    "initial_context": [
        [
            332,
            -83
        ],
        [
            300,
            -100
        ],
        5,
        [
            322.08286285536417,
            0,
            -127.73923165021743
        ],
        32.53647444260108,
        0
    ],
    "controls": [
        [
            0,
            0,
            1,
            0
        ],
        [
            1,
            0,
            1,
            0
        ],
        [
            1,
            0,
            1,
            0
        ],
        [
            1,
            0,
            0,
            1
        ],
        [
            1,
            0,
            0,
            1
        ],
        [
            1,
            0,
            0,
            0
        ],
        [
            1,
            0,
            0,
            0
        ],
        [
            1,
            0,
            0,
            0
        ],
        [
            1,
            0,
            0,
            1
        ],
        [
            0,
            0,
            0,
            1
        ]
    ]
}