{
    "initial_context": [
        [
            95,
            0
        ],
        [
            90,
            13
        ],
        5,
        [
            126.69774383495303,
            0,
            -8.71885764349016
        ],
        32.839201597621766,
        -35
    ],
    "controls": [
        [
            1,
            0,
            0,
            1
        ],
        [
            0,
            0,
            1,
            0
        ],
        [
            1,
            0,
            1,
            0
        ],
        [
            0,
            0,
            1,
            0
        ],
        [
            0,
            0,
            1,
            0
        ],
        [
            0,
            0,
            1,
            0
        ],
        [
            1,
            0,
            1,
            0
        ],
        [
            1,
            0,
            1,
            0
        ],
        [
            1,
            0,
            1,
            0
        ],
        [
            1,
            0,
            1,
            0
        ],
        [
            1,
            0,
            0,
            0
        ]
    ]
}