{
    "initial_context": [
        [
            -20,
            -10
        ],
        [
            -20,
            10
        ],
        5,
        [
            53.00243908730549,
            0,
            -1.7174489312640429
        ],
        50,
        -90
    ],
    "controls": [
        [
            0,
            1,
            1,
            0
        ],
        [
            0,
            1,
            0,
            1
        ],
        [
            0,
            1,
            1,
            0
        ],
        [
            0,
            1,
            0,
            1
        ],
        [
            0,
            1,
            1,
            0
        ],
        [
            0,
            1,
            0,
            1
        ],
        [
            1,
            0,
            1,
            0
        ],
        [
            1,
            0,
            0,
            1
        ],
        [
            1,
            0,
            1,
            0
        ],
        [
            0,
            1,
            0,
            1
        ],
        [
            1,
            0,
            1,
            0
        ],
        [
            1,
            0,
            0,
            1
        ],
        [
            0,
            1,
            1,
            0
        ],
        [
            1,
            0,
            0,
            1
        ],
        [
            1,
            0,
            1,
            0
        ],
        [
            0,
            1,
            0,
            1
        ],
        [
            1,
            0,
            1,
            0
        ],
        [
            1,
            0,
            0,
            1
        ],
        [
            1,
            0,
            1,
            0
        ],
        [
            0,
            1,
            0,
            1
        ],
        [
            1,
            0,
            1,
            0
        ],
        [
            1,
            0,
            0,
            1
        ],
        [
            0,
            1,
            1,
            0
        ],
        [
            1,
            0,
            0,
            1
        ],
        [
            1,
            0,
            1,
            0
        ],
        [
            0,
            1,
            0,
            1
        ],
        [
            1,
            0,
            1,
            0
        ],
        [
            1,
            0,
            0,
            1
        ],
        [
            0,
            1,
            1,
            0
        ],
        [
            1,
            0,
            0,
            1
        ],
        [
            1,
            0,
            1,
            0
        ],
        [
            0,
            0,
            0,
            0
        ]
    ]
}