{
    "initial_context": [
        [
            -60,
            180
        ],
        [
            -65,
            160
        ],
        5,
        [
            -5.2899354749509016,
            0,
            138.20373452806066
        ],
        32,
        270
    ],
    "controls": [
        [
            1,
            0,
            1,
            0
        ],
        [
            1,
            0,
            1,
            0
        ],
        [
            0,
            0,
            0,
            1
        ],
        [
            1,
            0,
            0,
            1
        ],
        [
            1,
            0,
            0,
            0
        ],
        [
            1,
            0,
            1,
            0
        ],
        [
            1,
            0,
            1,
            0
        ],
        [
            1,
            0,
            1,
            0
        ],
        [
            1,
            0,
            0,
            0
        ],
        [
            1,
            0,
            0,
            0
        ],
        [
            1,
            0,
            0,
            1
        ],
        [
            1,
            0,
            0,
            1
        ],
        [
            1,
            0,
            0,
            1
        ],
        [
            1,
            0,
            0,
            0
        ],
        [
            1,
            0,
            0,
            0
        ],
        [
            1,
            0,
            0,
            0
        ],
        [
            0,
            0,
            0,
            1
        ],
        [
            0,
            0,
            0,
            1
        ],
        [
            0,
            0,
            0,
            1
        ],
        [
            0,
            0,
            0,
            1
        ],
        [
            0,
            0,
            0,
            1
        ],
        [
            0,
            0,
            0,
            1
        ],
        [
            0,
            1,
            0,
            1
        ],
        [
            0,
            1,
            0,
            1
        ],
        [
            0,
            1,
            0,
            1
        ],
        [
            0,
            1,
            0,
            1
        ],
        [
            0,
            1,
            0,
            1
        ],
        [
            0,
            1,
            0,
            1
        ],
        [
            0,
            1,
            0,
            1
        ],
        [
            0,
            1,
            0,
            1
        ],
        [
            0,
            0,
            0,
            1
        ],
        [
            0,
            0,
            0,
            1
        ],
        [
            0,
            0,
            0,
            1
        ],
        [
            0,
            0,
            0,
            1
        ],
        [
            0,
            0,
            0,
            1
        ],
        [
            0,
            0,
            0,
            1
        ],
        [
            0,
            0,
            0,
            1
        ],
        [
            0,
            0,
            0,
            1
        ],
        [
            0,
            0,
            0,
            1
        ],
        [
            0,
            0,
            0,
            1
        ],
        [
            0,
            0,
            0,
            1
        ],
        [
            0,
            0,
            0,
            1
        ],
        [
            0,
            0,
            0,
            1
        ],
        [
            0,
            0,
            0,
            1
        ],
        [
            0,
            0,
            0,
            1
        ],
        [
            0,
            0,
            0,
            1
        ],
        [
            0,
            0,
            0,
            1
        ],
        [
            0,
            0,
            0,
            1
        ],
        [
            0,
            0,
            0,
            1
        ],
        [
            0,
            0,
            0,
            1
        ],
        [
            0,
            0,
            0,
            1
        ],
        [
            0,
            0,
            0,
            1
        ],
        [
            0,
            0,
            0,
            1
        ],
        [
            0,
            0,
            0,
            1
        ],
        [
            0,
            0,
            0,
            1
        ],
        [
            0,
            0,
            0,
            1
        ],
        [
            0,
            0,
            0,
            1
        ],
        [
            1,
            0,
            0,
            1
        ],
        [
            1,
            0,
            0,
            1
        ],
        [
            1,
            0,
            0,
            1
        ],
        [
            1,
            0,
            0,
            1
        ],
        [
            1,
            0,
            0,
            1
        ],
        [
            1,
            0,
            0,
            0
        ],
        [
            1,
            0,
            0,
            0
        ],
        [
            1,
            0,
            0,
            1
        ],
        [
            1,
            0,
            0,
            1
        ],
        [
            1,
            0,
            0,
            1
        ],
        [
            1,
            0,
            0,
            1
        ],
        [
            1,
            0,
            1,
            0
        ],
        [
            0,
            0,
            1,
            0
        ],
        [
            0,
            0,
            1,
            0
        ],
        [
            1,
            0,
            0,
            1
        ],
        [
            1,
            0,
            0,
            1
        ],
        [
            0,
            0,
            0,
            1
        ],
        [
            1,
            0,
            0,
            1
        ],
        [
            1,
            0,
            0,
            1
        ],
        [
            1,
            0,
            1,
            0
        ]
    ]
}