{
    "initial_context": [
        [
            344,
            -16
        ],
        [
            364,
            0
        ],
        5,
        [
            365.54539760459943,
            0,
            -32.34416551013462
        ],
        26.471763446511737,
        -10
    ],
    "controls": [
        [
            0,
            0,
            1,
            0
        ],
        [
            0,
            0,
            1,
            0
        ],
        [
            0,
            0,
            1,
            0
        ],
        [
            1,
            0,
            0,
            0
        ],
        [
            1,
            0,
            0,
            0
        ],
        [
            1,
            0,
            1,
            0
        ],
        [
            1,
            0,
            1,
            0
        ],
        [
            0,
            0,
            1,
            0
        ],
        [
            0,
            0,
            1,
            0
        ],
        [
            0,
            0,
            1,
            0
        ]
    ]
}